variable,dimension,item_text,label_in_article,loading_in_article,response_coding,reverse_scored,score
brand,Your brand,Please type the name of a brand that you have “Liked” on Facebook.,,,open text,,
fc1,Firm-created social media communication,I am satisfied with the company’s social media communications for [brand].,FC1,0.90,1 = Strongly disagree; 2; 3; 4; 5; 6; 7 = Strongly agree,no,firm-created social media communication = mean of fc1-fc4
fc2,Firm-created social media communication,The level of the company’s social media communications for [brand] meets my expectations.,FC2,0.91,1 = Strongly disagree; 2; 3; 4; 5; 6; 7 = Strongly agree,no,firm-created social media communication = mean of fc1-fc4
fc3,Firm-created social media communication,The company’s social media communications for [brand] are very attractive.,FC3 (new item),0.91,1 = Strongly disagree; 2; 3; 4; 5; 6; 7 = Strongly agree,no,firm-created social media communication = mean of fc1-fc4
fc4,Firm-created social media communication,"This company’s social media communications for [brand] perform well, when compared with the social media communications of other companies.",FC4,0.88,1 = Strongly disagree; 2; 3; 4; 5; 6; 7 = Strongly agree,no,firm-created social media communication = mean of fc1-fc4
ug1,User-generated social media communication,I am satisfied with the content generated on social media sites by other users about [brand].,UG1,0.89,1 = Strongly disagree; 2; 3; 4; 5; 6; 7 = Strongly agree,no,user-generated social media communication = mean of ug1-ug4
ug2,User-generated social media communication,The level of the content generated on social media sites by other users about [brand] meets my expectations.,UG2,0.91,1 = Strongly disagree; 2; 3; 4; 5; 6; 7 = Strongly agree,no,user-generated social media communication = mean of ug1-ug4
ug3,User-generated social media communication,The content generated by other users about [brand] is very attractive.,UG3 (new item),0.81,1 = Strongly disagree; 2; 3; 4; 5; 6; 7 = Strongly agree,no,user-generated social media communication = mean of ug1-ug4
ug4,User-generated social media communication,"The content generated on social media sites by other users about [brand] performs well, when compared with other brands.",UG4,0.85,1 = Strongly disagree; 2; 3; 4; 5; 6; 7 = Strongly agree,no,user-generated social media communication = mean of ug1-ug4
bas1,Brand awareness/associations,I easily recognize [brand].,BAS1,0.75,1 = Strongly disagree; 2; 3; 4; 5; 6; 7 = Strongly agree,no,brand awareness/associations = mean of bas1-bas4
bas2,Brand awareness/associations,Several characteristics of [brand] instantly come to my mind.,BAS2,0.63,1 = Strongly disagree; 2; 3; 4; 5; 6; 7 = Strongly agree,no,brand awareness/associations = mean of bas1-bas4
bas3,Brand awareness/associations,I can quickly recall the symbol or logo of [brand].,BAS3,0.74,1 = Strongly disagree; 2; 3; 4; 5; 6; 7 = Strongly agree,no,brand awareness/associations = mean of bas1-bas4
bas4,Brand awareness/associations,I can recognize [brand] among other competing brands.,BAS4 (printed as “X”),0.93,1 = Strongly disagree; 2; 3; 4; 5; 6; 7 = Strongly agree,no,brand awareness/associations = mean of bas1-bas4
bl1,Brand loyalty,The prospect of lower prices would make me switch to another company.,BL1 (reverse-scored),0.93,1 = Strongly disagree; 2; 3; 4; 5; 6; 7 = Strongly agree,yes: recode as 8 - x before scoring,brand loyalty = mean of bl1-bl3
bl2,Brand loyalty,"If it were possible to do so without problems, I would choose another company.",BL2 (reverse-scored),0.92,1 = Strongly disagree; 2; 3; 4; 5; 6; 7 = Strongly agree,yes: recode as 8 - x before scoring,brand loyalty = mean of bl1-bl3
bl3,Brand loyalty,I intend to remain the company’s customer.,BL3,0.92,1 = Strongly disagree; 2; 3; 4; 5; 6; 7 = Strongly agree,no,brand loyalty = mean of bl1-bl3
pq1,Perceived quality,Most of the products of [brand] are of great quality.,PQ1,0.86,1 = Strongly disagree; 2; 3; 4; 5; 6; 7 = Strongly agree,no,perceived quality = mean of pq1-pq3
pq2,Perceived quality,The likelihood that [brand] is reliable is very high.,PQ2,0.91,1 = Strongly disagree; 2; 3; 4; 5; 6; 7 = Strongly agree,no,perceived quality = mean of pq1-pq3
pq3,Perceived quality,Products of [brand] are worth their price.,PQ3,0.81,1 = Strongly disagree; 2; 3; 4; 5; 6; 7 = Strongly agree,no,perceived quality = mean of pq1-pq3
